group,keyword
Old,Traditional selective breeding in plant breeding
Old,Landrace selection in plant breeding
Old,Phenotypic selection in plant breeding
Old,Pedigree breeding in plant breeding
Old,Mass selection in plant breeding
Old,Clonal selection in plant breeding
Old,Family selection in plant breeding
Old,Open pollination in plant breeding
Old,Hybridization techniques in plant breeding
Old,Genetic diversity preservation in plant breeding
Old,Crop domestication in plant breeding
Old,Traditional farmer selection in plant breeding
Old,Indigenous breeding methods in plant breeding
Old,Germplasm conservation in plant breeding
Old,Heritage crop breeding in plant breeding
Old,Regional adaptation breeding in plant breeding
Old,Cross-pollination techniques in plant breeding
Old,Seed saving practices in plant breeding
Old,Ancestral crop improvement in plant breeding
Old,Wild relative breeding in plant breeding
Old,Traditional varietal selection in plant breeding
Old,Local adaptation breeding in plant breeding
Old,Empirical crop selection in plant breeding
Old,Population improvement in plant breeding
Old,Traditional genetic diversity in plant breeding
Old,Manual trait selection in plant breeding
Old,Phenotype-based breeding in plant breeding
Old,Generational crop improvement in plant breeding
Old,Agronomic performance selection in plant breeding
Old,Community-based breeding in plant breeding
Old,Geographic adaptation in plant breeding
Old,Reproductive isolation techniques in plant breeding
Old,Evolutionary breeding approaches in plant breeding
Old,Reciprocal recurrent selection in plant breeding
Old,Line breeding in plant breeding
Old,Composite crossing in plant breeding
Old,Mass-pedigree method in plant breeding
Old,Diallel crossing in plant breeding
Old,Synthetic variety breeding in plant breeding
Old,Bulk population method in plant breeding
Old,Traditional crop rotation effects in plant breeding
Old,Monoculture improvement in plant breeding
Old,Natural trait segregation in plant breeding
Old,Seedbed selection in plant breeding
Old,Pure-line selection in plant breeding
Old,Hardy-Weinberg principle in plant breeding
Old,Traditional soil suitability tests in plant breeding
Old,Indigenous pest resistance breeding in plant breeding
Old,Farmer-participatory breeding in plant breeding
Old,In situ conservation breeding in plant breeding
Old,Traditional field trials in plant breeding
Old,Manual self-pollination techniques in plant breeding
Old,Natural outcrossing studies in plant breeding
Old,Selective pressure analysis in plant breeding
Old,Regional cropping system adaptation in plant breeding
Old,Propagation techniques in plant breeding
Old,Ancient grain breeding in plant breeding
Old,Local seed exchange practices in plant breeding
Old,Historical agronomic practices in plant breeding
Old,Subsistence crop breeding in plant breeding
Old,Folk selection methods in plant breeding
Old,Landrace improvement cycles in plant breeding
Old,Regional biotic stress breeding in plant breeding
Old,Crop resilience through generations in plant breeding
Old,Traditional soil fertility management in plant breeding
Old,Traditional drought tolerance breeding in plant breeding
Current,Marker-assisted selection in plant breeding
Current,Quantitative trait loci (QTL) mapping in plant breeding
Current,Hybrid vigor breeding in plant breeding
Current,Backcross breeding in plant breeding
Current,Recurrent selection in plant breeding
Current,Multiline breeding in plant breeding
Current,Heterosis breeding in plant breeding
Current,Advanced generation breeding in plant breeding
Current,Genome-wide selection in plant breeding
Current,Phenotypic screening in plant breeding
Current,Molecular marker development in plant breeding
Current,Genetic diversity analysis in plant breeding
Current,Performance testing in plant breeding
Current,Trait introgression in plant breeding
Current,Advanced breeding lines in plant breeding
Current,Genetic variability assessment in plant breeding
Current,Progeny testing in plant breeding
Current,Breeding value estimation in plant breeding
Current,Population genetics in plant breeding
Current,Crop improvement strategies in plant breeding
Current,Genetic gain prediction in plant breeding
Current,Breeding program design in plant breeding
Current,Genetic uniformity in plant breeding
Current,Controlled pollination in plant breeding
Current,Genetic resource management in plant breeding
Current,Phenotypic plasticity in plant breeding
Current,Breeding efficiency in plant breeding
Current,Genetic complexity analysis in plant breeding
Current,Reproductive biology in plant breeding
Current,Crop adaptation mechanisms in plant breeding
Current,Statistical genetics in plant breeding
Current,Breeding methodology optimization in plant breeding
Current,Classical resistance breeding in plant breeding
Current,Genomic in situ hybridization (GISH) in plant breeding
Current,Haploidy induction in plant breeding
Current,Bi-parental mapping populations in plant breeding
Current,Multi-parental breeding approaches in plant breeding
Current,Doubled haploid technology in plant breeding
Current,Epistasis analysis in plant breeding
Current,Trait stacking in plant breeding
Current,Transcriptomics in plant breeding
Current,Isozyme markers in plant breeding
Current,Breeding for disease resistance in plant breeding
Current,DArT marker technology in plant breeding
Current,AFLP marker systems in plant breeding
Current,SNP genotyping in plant breeding
Current,Biochemical marker-assisted breeding in plant breeding
Current,Marker-based recurrent selection in plant breeding
Current,Breeding for yield stability in plant breeding
Current,Abiotic stress tolerance breeding in plant breeding
Current,Pre-breeding programs in plant breeding
Current,Crop modeling integration in plant breeding
Current,Germplasm enhancement in plant breeding
Current,Controlled environment breeding in plant breeding
Current,Speed breeding protocols in plant breeding
Current,High-yield variety development in plant breeding
Current,Disease-resistance introgression in plant breeding
Current,Fusarium wilt tolerance breeding in plant breeding
Current,High-oil content breeding in plant breeding
Current,MABC (Marker-Assisted Backcrossing) in plant breeding
Current,Field trial optimization in plant breeding
Current,Regional trait evaluation in plant breeding
Current,Statistical QTL analysis in plant breeding
Current,Breeding for micronutrient density in plant breeding
Current,Controlled hybrid seed production in plant breeding
Current,Genotypic adaptability analysis in plant breeding
Modern,CRISPR gene editing in plant breeding
Modern,Genome sequencing in plant breeding
Modern,Precision breeding in plant breeding
Modern,Synthetic biology in plant breeding
Modern,Gene network analysis in plant breeding
Modern,Metabolic engineering in plant breeding
Modern,Transgenic development in plant breeding
Modern,Next-generation sequencing in plant breeding
Modern,Epigenetic modification in plant breeding
Modern,Machine learning in plant breeding
Modern,Artificial intelligence prediction in plant breeding
Modern,RNA interference in plant breeding
Modern,Genome editing techniques in plant breeding
Modern,Advanced phenotyping in plant breeding
Modern,Computational breeding in plant breeding
Modern,Genomic selection in plant breeding
Modern,Metabolomics in plant breeding
Modern,Proteomics applications in plant breeding
Modern,Systems biology in plant breeding
Modern,Nano-biotechnology in plant breeding
Modern,Digital phenotyping in plant breeding
Modern,Advanced genetic transformation in plant breeding
Modern,Molecular breeding platforms in plant breeding
Modern,Genome-wide association studies in plant breeding
Modern,Synthetic genomics in plant breeding
Modern,Predictive breeding models in plant breeding
Modern,High-throughput screening in plant breeding
Modern,Gene regulatory network in plant breeding
Modern,Advanced trait mapping in plant breeding
Modern,Computational genomics in plant breeding
Modern,Climate-resilient breeding in plant breeding
Modern,Precision agriculture technologies in plant breeding
Modern,Adaptive breeding strategies in plant breeding
Modern,CRISPR-Cas9 delivery systems in plant breeding
Modern,Pangenomics in plant breeding
Modern,Hologenomics in plant breeding
Modern,Digital twin modeling in plant breeding
Modern,Epigenome-wide association studies in plant breeding
Modern,Single-cell sequencing in plant breeding
Modern,Multi-omics integration in plant breeding
Modern,Deep learning for trait prediction in plant breeding
Modern,Blockchain for seed traceability in plant breeding
Modern,Sensor-based phenotyping in plant breeding
Modern,Quantum computing in plant breeding
Modern,Virtual reality applications in plant breeding
Modern,Synthetic promoter engineering in plant breeding
Modern,Biostimulant-driven breeding in plant breeding
Modern,Photosynthetic efficiency optimization in plant breeding
Modern,AI-based genome annotation in plant breeding
Modern,Cellular reprogramming in plant breeding
Modern,Carbon sequestration traits breeding in plant breeding
Modern,Eco-genomics in plant breeding
Modern,Functional metagenomics in plant breeding
Modern,Robotic phenotyping in plant breeding
Modern,Non-coding RNA studies in plant breeding
Modern,Microbiome-assisted breeding in plant breeding
Modern,Advanced chloroplast transformation in plant breeding
Modern,Pathogenomics applications in plant breeding
Modern,Environmental DNA (eDNA) in plant breeding
Modern,Autonomous breeding programs in plant breeding
Modern,Thermo-tolerance breeding in plant breeding
Modern,Urban crop development in plant breeding
Modern,Biodegradable agro-inputs breeding in plant breeding
Modern,Real-time molecular diagnostics in plant breeding
Modern,Holistic systems breeding in plant breeding
Modern,Predictive climate modeling in plant breeding